{"cameraMode":{"drawMode":0,"name":"Shaded","section":"Shading Mode"},"sceneLighting":true,"audioPlay":false,"sceneViewState":{"showFog":true,"showMaterialUpdate":true,"showSkybox":true,"showFlares":true,"showImageEffects":true,"showParticleSystems":true},"in2DMode":false,"pivot":{"x":2.9864377975463869,"y":99.2450180053711,"z":-0.44999998807907107},"rotation":{"x":-0.09303564578294754,"y":0.05433345586061478,"z":-0.005084426607936621,"w":-0.9941689372062683},"size":90.93125915527344,"orthographic":true}