{"cameraMode":{"drawMode":0,"name":"Shaded","section":"Shading Mode"},"sceneLighting":true,"audioPlay":false,"sceneViewState":{"showFog":true,"showMaterialUpdate":true,"showSkybox":true,"showFlares":true,"showImageEffects":true,"showParticleSystems":true},"in2DMode":false,"pivot":{"x":2.9880380630493166,"y":-71.82775115966797,"z":0.0},"rotation":{"x":-0.061678823083639148,"y":0.054467275738716128,"z":-0.003366739023476839,"w":-0.9966078400611877},"size":72.20413208007813,"orthographic":true}